,locationId,continentName,continentEnglishName,countryName,countryEnglishName,provinceName,provinceEnglishName,provinceShortName,currentConfirmedCount,confirmedCount,suspectedCount,curedCount,deadCount,comment,cities,updateTime
0,953002,亚洲,Asia,不丹,Kingdom of Bhutan,不丹,Kingdom of Bhutan,不丹,5,5,0,0,0,,,1586139686115
1,952004,亚洲,Asia,东帝汶,,东帝汶,,东帝汶,1,1,0,0,0,,,1586085510377
2,951001,亚洲,Asia,中国,China,中国,China,中国,2317,83005,0,77348,3340,,,1586139443109
3,983002,非洲,Africa,中非共和国,Central African Republic,中非共和国,Central African Republic,中非共和国,9,9,0,0,0,,,1586146615856
4,962001,欧洲,Europe,丹麦,Denmark,丹麦,Denmark,丹麦,3296,4369,0,894,179,,,1586146615856
5,964007,欧洲,Europe,乌克兰,Ukraine,乌克兰,Ukraine,乌克兰,1243,1308,0,28,37,,,1586146615856
6,954005,亚洲,Asia,乌兹别克斯坦,Uzbekistan,乌兹别克斯坦,Uzbekistan,乌兹别克斯坦,270,298,0,25,3,,,1586146615856
7,985010,非洲,Africa,乌干达,Uganda,乌干达,Uganda,乌干达,52,52,0,0,0,,,1586146615856
8,973011,南美洲,South America,乌拉圭,Uruguay,乌拉圭,Uruguay,乌拉圭,314,386,0,68,4,,,1586146615856
9,982003,非洲,Africa,乍得,Chad,乍得,Chad,乍得,7,7,0,0,0,,,1586085510377
10,955002,亚洲,Asia,亚美尼亚,Armenia,亚美尼亚,Armenia,亚美尼亚,758,822,0,57,7,,,1586146615856
11,955009,亚洲,Asia,以色列,Israel,以色列,Israel,以色列,7904,8430,0,477,49,,,1586146615856
12,955008,亚洲,Asia,伊拉克,Iraq,伊拉克,Iraq,伊拉克,621,961,0,279,61,,,1586146615856
13,955007,亚洲,Asia,伊朗,Iran,伊朗,Iran,伊朗,32612,58226,0,22011,3603,,,1586146615856
14,972001,北美洲,North America,伯利兹,Belize,伯利兹,Belize,伯利兹,4,4,0,0,0,,,1586146615856
15,982017,非洲,Africa,佛得角,,佛得角,,佛得角,5,7,0,1,1,,,1586146615856
16,964006,欧洲,Europe,俄罗斯,Russia,俄罗斯,Russia,俄罗斯,4989,5389,0,355,45,,,1586146615856
17,965004,欧洲,Europe,保加利亚,Bulgaria,保加利亚,Bulgaria,保加利亚,508,531,0,3,20,,,1586146615856
18,965005,欧洲,Europe,克罗地亚,Croatia,克罗地亚,Croatia,克罗地亚,1048,1182,0,119,15,,,1586146615856
19,0,大洋洲,Oceania,关岛,Guam,关岛,Guam,关岛,89,93,0,0,4,,,1586146615856
20,982005,非洲,Africa,冈比亚,Gambia,冈比亚,Gambia,冈比亚,3,4,0,0,1,,,1586085510377
21,962003,欧洲,Europe,冰岛,Iceland,冰岛,Iceland,冰岛,1054,1486,0,428,4,,,1586146615856
22,0,非洲,Africa,几内亚,Guinea,几内亚,Guinea,几内亚,116,121,0,5,0,,,1586146615856
23,982008,非洲,Africa,几内亚比绍,,几内亚比绍,,几内亚比绍,18,18,0,0,0,,,1586146615856
24,963005,欧洲,Europe,列支敦士登,Liechtenstein,列支敦士登,Liechtenstein,列支敦士登,76,77,0,0,1,,,1586146615856
25,0,非洲,Africa,刚果（布）,,刚果（布）,,刚果（布）,38,45,0,2,5,,,1586146615856
26,0,非洲,Africa,刚果（金）,Democratic Republic of the Congo,刚果（金）,Democratic Republic of the Congo,刚果（金）,133,154,0,3,18,,,1586146615856
27,981003,非洲,Africa,利比亚,Libya,利比亚,Libya,利比亚,17,18,0,0,1,,,1586146615856
28,982009,非洲,Africa,利比里亚,Liberia,利比里亚,Liberia,利比里亚,7,13,0,3,3,,,1586146615856
29,971001,北美洲,North America,加拿大,Canada,加拿大,Canada,加拿大,12462,15512,0,2770,280,,,1586146615856
30,982006,非洲,Africa,加纳,Ghana,加纳,Ghana,加纳,206,214,0,3,5,,,1586146615856
31,983004,非洲,Africa,加蓬,Gabon,加蓬,Gabon,加蓬,22,24,0,1,1,,,1586146615856
32,963004,欧洲,Europe,匈牙利,Hungary,匈牙利,Hungary,匈牙利,633,733,0,66,34,,,1586146615856
33,0,欧洲,Europe,北爱尔兰,Northern Ireland,北爱尔兰,Northern Ireland,北爱尔兰,1,1,0,0,0,,,1582864428698
34,0,欧洲,Europe,北马其顿,North Macedonia,北马其顿,North Macedonia,北马其顿,514,555,0,23,18,,,1586147965153
35,0,大洋洲,Oceania,北马里亚纳群岛联邦,,北马里亚纳群岛联邦,,北马里亚纳群岛联邦,7,8,0,0,1,,,1586139686115
36,981007,非洲,Africa,南苏丹,,南苏丹,,南苏丹,1,1,0,0,0,,,1586146615856
37,984011,非洲,Africa,南非,South Africa,南非,South Africa,南非,1599,1655,0,45,11,,,1586146615856
38,984002,非洲,Africa,博茨瓦纳,Botswana,博茨瓦纳,Botswana,博茨瓦纳,3,4,0,0,1,,,1586085510377
39,955015,亚洲,Asia,卡塔尔,Qatar,卡塔尔,Qatar,卡塔尔,1477,1604,0,123,4,,,1586146615856
40,985006,非洲,Africa,卢旺达,Republic of Rwanda,卢旺达,Republic of Rwanda,卢旺达,100,104,0,4,0,,,1586146615856
41,961004,欧洲,Europe,卢森堡,Luxembourg,卢森堡,Luxembourg,卢森堡,2527,2804,0,241,36,,,1586146615856
42,953003,亚洲,Asia,印度,India,印度,India,印度,3666,4067,0,292,109,,,1586146615856
43,952005,亚洲,Asia,印度尼西亚,Indonesia,印度尼西亚,Indonesia,印度尼西亚,2011,2273,0,64,198,,,1586146615856
44,972004,北美洲,North America,危地马拉,Guatemala,危地马拉,Guatemala,危地马拉,49,50,0,0,1,,,1586146615856
45,973006,南美洲,South America,厄瓜多尔,Ecuador,厄瓜多尔,Ecuador,厄瓜多尔,3466,3646,0,0,180,,,1586146615856
46,985003,非洲,Africa,厄立特里亚,,厄立特里亚,,厄立特里亚,29,29,0,0,0,,,1586146615856
47,955017,亚洲,Asia,叙利亚,Syria,叙利亚,Syria,叙利亚,14,19,0,2,3,,,1586146615856
48,974004,北美洲,North America,古巴,Cuba,古巴,Cuba,古巴,282,288,0,0,6,,,1586146615856
49,954002,亚洲,Asia,吉尔吉斯斯坦,,吉尔吉斯斯坦,,吉尔吉斯斯坦,146,147,0,0,1,,,1586146615856
50,985002,非洲,Africa,吉布提,Djibouti,吉布提,Djibouti,吉布提,50,59,0,9,0,,,1586146615856
51,954001,亚洲,Asia,哈萨克斯坦,Kazakhstan,哈萨克斯坦,Kazakhstan,哈萨克斯坦,535,584,0,43,6,,,1586146615856
52,973005,南美洲,South America,哥伦比亚,Colombia,哥伦比亚,Colombia,哥伦比亚,1365,1485,0,85,35,,,1586146615856
53,972002,北美洲,North America,哥斯达黎加,Costa Rica,哥斯达黎加,Costa Rica,哥斯达黎加,414,416,0,0,2,,,1586146615856
54,983001,非洲,Africa,喀麦隆,Cameroon,喀麦隆,Cameroon,喀麦隆,624,650,0,17,9,,,1586146615856
55,955018,亚洲,Asia,土耳其,Turkey,土耳其,Turkey,土耳其,25453,27069,0,1042,574,,,1586146615856
56,0,北美洲,North America,圣其茨和尼维斯,,圣其茨和尼维斯,,圣其茨和尼维斯,9,9,0,0,0,,,1586146615856
57,974011,北美洲,North America,圣卢西亚,St.Lucia,圣卢西亚,St.Lucia,圣卢西亚,13,13,0,0,0,,,1586085510377
58,0,北美洲,North America,圣巴泰勒米,Saint Barthelemy,圣巴泰勒米,Saint Barthelemy,圣巴泰勒米,3,3,0,0,0,,,1584504675953
59,0,北美洲,North America,圣巴泰勒米岛,,圣巴泰勒米岛,,圣巴泰勒米岛,6,6,0,0,0,,,1586085510377
60,974012,北美洲,North America,圣文森特和格林纳丁斯,Saint Vincent and the Grenadines,圣文森特和格林纳丁斯,Saint Vincent and the Grenadines,圣文森特和格林纳丁斯,3,3,0,0,0,,,1586146615856
61,0,北美洲,North America,圣马丁岛,Sint Maarten,圣马丁岛,Sint Maarten,圣马丁岛,22,24,0,0,2,,,1586146615856
62,965012,欧洲,Europe,圣马力诺,San Marino,圣马力诺,San Marino,圣马力诺,225,259,0,2,32,,,1586148331253
63,973007,南美洲,South America,圭亚那,Guyana,圭亚那,Guyana,圭亚那,19,23,0,0,4,,,1586146615856
64,985009,非洲,Africa,坦桑尼亚,Tanzania,坦桑尼亚,Tanzania,坦桑尼亚,18,22,0,3,1,,,1586146615856
65,981002,非洲,Africa,埃及,Egypt,埃及,Egypt,埃及,848,1173,0,247,78,,,1586146615856
66,985004,非洲,Africa,埃塞俄比亚,Ethiopia,埃塞俄比亚,Ethiopia,埃塞俄比亚,39,43,0,4,0,,,1586146615856
67,982014,非洲,Africa,塞内加尔,Senegal,塞内加尔,Senegal,塞内加尔,138,222,0,82,2,,,1586146615856
68,965013,欧洲,Europe,塞尔维亚,Republic of Serbia,塞尔维亚,Republic of Serbia,塞尔维亚,1929,1980,0,0,51,,,1586146615856
69,982015,非洲,Africa,塞拉利昂,Sierra Leone,塞拉利昂,Sierra Leone,塞拉利昂,4,4,0,0,0,,,1586146615856
70,955005,亚洲,Asia,塞浦路斯,Cyprus,塞浦路斯,Cyprus,塞浦路斯,435,446,0,0,11,,,1586146615856
71,985007,非洲,Africa,塞舌尔,Seychelles,塞舌尔,Seychelles,塞舌尔,10,10,0,0,0,,,1586085510377
72,971003,北美洲,North America,墨西哥,Mexico,墨西哥,Mexico,墨西哥,2048,2143,0,1,94,,,1586146615856
73,982016,非洲,Africa,多哥,Togo,多哥,Togo,多哥,21,44,0,20,3,,,1586146615856
74,974005,北美洲,North America,多米尼克,,多米尼克,,多米尼克,11,11,0,0,0,,,1586085510377
75,974006,北美洲,North America,多米尼加,Dominican Republic,多米尼加,Dominican Republic,多米尼加,1420,1488,0,0,68,,,1586146615856
76,0,欧洲,Europe,大不列颠及北爱尔兰联合王国,United Kingdom of Great Britain and Ireland,大不列颠及北爱尔兰联合王国,United Kingdom of Great Britain and Ireland,大不列颠及北爱尔兰联合王国,12,20,0,8,0,,,1582960272252
77,963001,欧洲,Europe,奥地利,Austria,奥地利,Austria,奥地利,9214,11907,0,2507,186,,,1586146615856
78,0,南美洲,South America,委内瑞拉,Venezuela,委内瑞拉,Venezuela,委内瑞拉,141,144,0,0,3,,,1586146615856
79,953001,亚洲,Asia,孟加拉国,Bangladesh,孟加拉国,Bangladesh,孟加拉国,46,88,0,33,9,,,1586146615856
80,984001,非洲,Africa,安哥拉,Angola,安哥拉,Angola,安哥拉,10,14,0,2,2,,,1586146615856
81,0,北美洲,North America,安圭拉,,安圭拉,,安圭拉,3,3,0,0,0,,,1586146615856
82,974001,北美洲,North America,安提瓜和巴布达,Antigua and Barbuda,安提瓜和巴布达,Antigua and Barbuda,安提瓜和巴布达,7,7,0,0,0,,,1586085510377
83,965002,欧洲,Europe,安道尔,Andorra,安道尔,Andorra,安道尔,457,501,0,26,18,,,1586146615856
84,972006,北美洲,North America,尼加拉瓜,Nicaragua,尼加拉瓜,Nicaragua,尼加拉瓜,4,5,0,0,1,,,1586085510377
85,982013,非洲,Africa,尼日利亚,Nigeria,尼日利亚,Nigeria,尼日利亚,194,232,0,33,5,,,1586146615856
86,982011,非洲,Africa,尼日尔,Niger,尼日尔,Niger,尼日尔,161,184,0,13,10,,,1586146615856
87,953005,亚洲,Asia,尼泊尔,Nepal,尼泊尔,Nepal,尼泊尔,8,9,0,1,0,,,1586146615856
88,955014,亚洲,Asia,巴勒斯坦,Palestine,巴勒斯坦,Palestine,巴勒斯坦,212,234,0,21,1,,,1586146615856
89,974002,北美洲,North America,巴哈马,Bahamas,巴哈马,Bahamas,巴哈马,21,24,0,0,3,,,1586146615856
90,953006,亚洲,Asia,巴基斯坦,Pakistan,巴基斯坦,Pakistan,巴基斯坦,2979,3156,0,130,47,,,1586146615856
91,974003,北美洲,North America,巴巴多斯,Barbados,巴巴多斯,Barbados,巴巴多斯,51,51,0,0,0,,,1586146615856
92,990009,大洋洲,Oceania,巴布亚新几内亚,Papua New Guinea,巴布亚新几内亚,Papua New Guinea,巴布亚新几内亚,1,1,0,0,0,,,1586085510377
93,973009,南美洲,South America,巴拉圭,Paraguay,巴拉圭,Paraguay,巴拉圭,92,96,0,1,3,,,1586146615856
94,972007,北美洲,North America,巴拿马,Panama,巴拿马,Panama,巴拿马,1751,1801,0,4,46,,,1586146615856
95,955004,亚洲,Asia,巴林,Bahrain,巴林,Bahrain,巴林,267,698,0,427,4,,,1586146615856
96,973003,南美洲,South America,巴西,Brazil,巴西,Brazil,巴西,10644,11130,0,0,486,,,1586146615856
97,982002,非洲,Africa,布基纳法索,Burkina Faso,布基纳法索,Burkina Faso,布基纳法索,238,345,0,90,17,,,1586146615856
98,0,非洲,Africa,布隆迪共和国,,布隆迪共和国,,布隆迪共和国,3,3,0,0,0,,,1586085510377
99,965007,欧洲,Europe,希腊,Greece,希腊,Greece,希腊,1643,1735,0,19,73,,,1586146615856
100,0,北美洲,North America,库拉索岛,,库拉索岛,,库拉索岛,10,11,0,0,1,,,1586085510377
101,0,北美洲,North America,开曼群岛,Cayman Is,开曼群岛,Cayman Is,开曼群岛,27,28,0,0,1,,,1586146615856
102,963003,欧洲,Europe,德国,Germany,德国,Germany,德国,85476,95391,0,8481,1434,,,1586146615856
103,965008,欧洲,Europe,意大利,Italy,意大利,Italy,意大利,91615,129317,0,21815,15887,,,1586148331253
104,964003,欧洲,Europe,拉脱维亚,Latvia,拉脱维亚,Latvia,拉脱维亚,532,533,0,0,1,,,1586146615856
105,962004,欧洲,Europe,挪威,Norway,挪威,Norway,挪威,5616,5686,0,0,70,,,1586146615856
106,963002,欧洲,Europe,捷克,Czech Republic,捷克,Czech Republic,捷克,4380,4543,0,96,67,,,1586146615856
107,964005,欧洲,Europe,摩尔多瓦,Moldova,摩尔多瓦,Moldova,摩尔多瓦,819,864,0,30,15,,,1586146615856
108,981004,非洲,Africa,摩洛哥,Morocco,摩洛哥,Morocco,摩洛哥,875,1021,0,76,70,,,1586146615856
109,961005,欧洲,Europe,摩纳哥,Monaco,摩纳哥,Monaco,摩纳哥,69,73,0,3,1,,,1586146615856
110,952002,亚洲,Asia,文莱,Brunei,文莱,Brunei,文莱,69,135,0,65,1,,,1586146615856
111,990002,大洋洲,Oceania,斐济,Fiji,斐济,Fiji,斐济,12,12,0,0,0,,,1586146615856
112,984010,非洲,Africa,斯威士兰,Swaziland,斯威士兰,Swaziland,斯威士兰,9,9,0,0,0,,,1586085510377
113,963007,欧洲,Europe,斯洛伐克,Slovakia,斯洛伐克,Slovakia,斯洛伐克,476,485,0,8,1,,,1586146615856
114,965014,欧洲,Europe,斯洛文尼亚,Slovenia,斯洛文尼亚,Slovenia,斯洛文尼亚,969,997,0,0,28,,,1586146615856
115,953007,亚洲,Asia,斯里兰卡,SriLanka,斯里兰卡,SriLanka,斯里兰卡,137,171,0,29,5,,,1586146615856
116,952009,亚洲,Asia,新加坡,Singapore,新加坡,Singapore,新加坡,1037,1309,0,266,6,,,1586146615856
117,0,大洋洲,Oceania,新喀里多尼亚,,新喀里多尼亚,,新喀里多尼亚,18,18,0,0,0,,,1586139686115
118,990007,大洋洲,Oceania,新西兰,New Zealand,新西兰,New Zealand,新西兰,860,911,4,50,1,,,1586146615856
119,951002,亚洲,Asia,日本,Japan,日本,Japan,日本,3361,3858,0,404,93,,,1586146615856
120,973004,南美洲,South America,智利,Chile,智利,Chile,智利,3839,4471,0,598,34,,,1586146615856
121,952003,亚洲,Asia,柬埔寨,Kampuchea (Cambodia ),柬埔寨,Kampuchea (Cambodia ),柬埔寨,64,114,0,50,0,,,1586146615856
122,0,欧洲,Europe,根西岛,Guernsey,根西岛,Guernsey,根西岛,134,136,0,0,2,,,1586146615856
123,0,北美洲,North America,格林那达,,格林那达,,格林那达,12,12,0,0,0,,,1586146615856
124,0,北美洲,North America,格陵兰,,格陵兰,,格陵兰,10,10,0,0,0,,,1586085510377
125,955006,亚洲,Asia,格鲁吉亚,Georgia,格鲁吉亚,Georgia,格鲁吉亚,133,170,0,36,1,,,1586146615856
126,965017,欧洲,Europe,梵蒂冈,Status Civitatis Vaticanae,梵蒂冈,Status Civitatis Vaticanae,梵蒂冈,7,7,0,0,0,,,1586139686115
127,961001,欧洲,Europe,比利时,Belgium,比利时,Belgium,比利时,15642,19961,0,2872,1447,,,1586146615856
128,982012,非洲,Africa,毛里塔尼亚,The Islamic Republic of Mauritania,毛里塔尼亚,The Islamic Republic of Mauritania,毛里塔尼亚,3,6,0,2,1,,,1586085510377
129,984014,非洲,Africa,毛里求斯,Mauritius,毛里求斯,Mauritius,毛里求斯,220,227,0,0,7,,,1586146615856
130,955016,亚洲,Asia,沙特阿拉伯,Saudi Arabia,沙特阿拉伯,Saudi Arabia,沙特阿拉伯,1880,2402,0,488,34,,,1586146615856
131,961002,欧洲,Europe,法国,France,法国,France,法国,46217,70478,0,16183,8078,,,1586148331253
132,0,南美洲,South America,法属圭亚那,French Guiana,法属圭亚那,French Guiana,法属圭亚那,62,62,0,0,0,,,1586146615856
133,0,大洋洲,Oceania,法属波利尼西亚,French Polynesia,法属波利尼西亚,French Polynesia,法属波利尼西亚,40,40,0,0,0,,,1586146615856
134,0,欧洲,Europe,法罗群岛,Faroe,法罗群岛,Faroe,法罗群岛,181,181,0,0,0,,,1586146615856
135,963006,欧洲,Europe,波兰,Poland,波兰,Poland,波兰,3874,4102,0,134,94,,,1586146615856
136,0,北美洲,North America,波多黎各,Puerto Rico,波多黎各,Puerto Rico,波多黎各,434,452,0,0,18,,,1586146615856
137,965003,欧洲,Europe,波黑,Bosnia and Herzegovina,波黑,Bosnia and Herzegovina,波黑,581,632,0,30,21,,,1586147965153
138,952010,亚洲,Asia,泰国,Thailand,泰国,Thailand,泰国,1472,2169,0,674,23,,,1586146615856
139,0,欧洲,Europe,泽西岛,Bailiwick of Jersey,泽西岛,Bailiwick of Jersey,泽西岛,120,123,0,0,3,,,1586146615856
140,984013,非洲,Africa,津巴布韦,Zimbabwe,津巴布韦,Zimbabwe,津巴布韦,8,9,0,0,1,,,1586085510377
141,972005,北美洲,North America,洪都拉斯,Honduras,洪都拉斯,Honduras,洪都拉斯,249,264,0,0,15,,,1586146615856
142,460000,亚洲,Asia,中国,China,海南省,Hainan,海南,0,168,0,162,6,,"[{'cityName': '海口', 'currentConfirmedCount': 1, 'confirmedCount': 39, 'suspectedCount': 0, 'curedCount': 38, 'deadCount': 0, 'locationId': 460100, 'cityEnglishName': 'Haikou'}, {'cityName': '儋州', 'currentConfirmedCount': 0, 'confirmedCount': 15, 'suspectedCount': 0, 'curedCount': 14, 'deadCount': 1, 'locationId': 460400, 'cityEnglishName': 'Danzhou'}, {'cityName': '万宁', 'currentConfirmedCount': 0, 'confirmedCount': 13, 'suspectedCount': 0, 'curedCount': 13, 'deadCount': 0, 'locationId': 469006, 'cityEnglishName': 'Wanning'}, {'cityName': '澄迈', 'currentConfirmedCount': 0, 'confirmedCount': 9, 'suspectedCount': 0, 'curedCount': 8, 'deadCount': 1, 'locationId': 469023, 'cityEnglishName': 'Chengmai County'}, {'cityName': '昌江', 'currentConfirmedCount': 0, 'confirmedCount': 7, 'suspectedCount': 0, 'curedCount': 7, 'deadCount': 0, 'locationId': 469026, 'cityEnglishName': 'Changjiang Li Autonomous County'}, {'cityName': '琼海', 'currentConfirmedCount': 0, 'confirmedCount': 6, 'suspectedCount': 0, 'curedCount': 5, 'deadCount': 1, 'locationId': 469002, 'cityEnglishName': 'Qionghai'}, {'cityName': '临高', 'currentConfirmedCount': 0, 'confirmedCount': 6, 'suspectedCount': 0, 'curedCount': 6, 'deadCount': 0, 'locationId': 469024, 'cityEnglishName': 'Lingao County'}, {'cityName': '陵水', 'currentConfirmedCount': 0, 'confirmedCount': 4, 'suspectedCount': 0, 'curedCount': 4, 'deadCount': 0, 'locationId': 469028, 'cityEnglishName': 'Lingshui Li Autonomous County'}, {'cityName': '定安', 'currentConfirmedCount': 0, 'confirmedCount': 3, 'suspectedCount': 0, 'curedCount': 2, 'deadCount': 1, 'locationId': 469021, 'cityEnglishName': ""Ding'an County""}, {'cityName': '文昌', 'currentConfirmedCount': 0, 'confirmedCount': 3, 'suspectedCount': 0, 'curedCount': 3, 'deadCount': 0, 'locationId': 469005, 'cityEnglishName': 'Wenchang'}, {'cityName': '东方', 'currentConfirmedCount': 0, 'confirmedCount': 3, 'suspectedCount': 0, 'curedCount': 2, 'deadCount': 1, 'locationId': 469007, 'cityEnglishName': 'Dongfang'}, {'cityName': '保亭', 'currentConfirmedCount': 0, 'confirmedCount': 3, 'suspectedCount': 0, 'curedCount': 3, 'deadCount': 0, 'locationId': 469029, 'cityEnglishName': 'Baoting Li and Miao Autonomous County'}, {'cityName': '乐东', 'currentConfirmedCount': 0, 'confirmedCount': 2, 'suspectedCount': 0, 'curedCount': 2, 'deadCount': 0, 'locationId': 469027, 'cityEnglishName': 'Ledong Li Autonomous County'}, {'cityName': '琼中', 'currentConfirmedCount': 0, 'confirmedCount': 1, 'suspectedCount': 0, 'curedCount': 1, 'deadCount': 0, 'locationId': 469030, 'cityEnglishName': 'Qiongzhong Li and Miao Autonomous County'}, {'cityName': '三亚', 'currentConfirmedCount': -1, 'confirmedCount': 54, 'suspectedCount': 0, 'curedCount': 54, 'deadCount': 1, 'locationId': 460200, 'cityEnglishName': 'Sanya'}]",1585023554280
143,974008,北美洲,North America,海地,Haiti,海地,Haiti,海地,18,18,0,0,0,,,1586146615856
144,990001,大洋洲,Oceania,澳大利亚,Australia,澳大利亚,Australia,澳大利亚,5589,5744,0,119,36,,,1586146615856
145,961003,欧洲,Europe,爱尔兰,Ireland,爱尔兰,Ireland,爱尔兰,4836,4994,0,0,158,,,1586147965153
146,964002,欧洲,Europe,爱沙尼亚,Estonia,爱沙尼亚,Estonia,爱沙尼亚,1034,1097,0,48,15,,,1586146615856
147,974009,北美洲,North America,牙买加,Jamaica,牙买加,Jamaica,牙买加,50,53,0,0,3,,,1586146615856
148,0,北美洲,North America,特克斯和凯科斯群岛,,特克斯和凯科斯群岛,,特克斯和凯科斯群岛,5,5,0,0,0,,,1586085510377
149,974013,北美洲,North America,特立尼达和多巴哥,Trinidad and Tobago,特立尼达和多巴哥,Trinidad and Tobago,特立尼达和多巴哥,94,100,0,0,6,,,1586146615856
150,973002,南美洲,South America,玻利维亚,Bolivia,玻利维亚,Bolivia,玻利维亚,129,139,0,0,10,,,1586146615856
151,962005,欧洲,Europe,瑞典,Sweden,瑞典,Sweden,瑞典,6412,6830,0,17,401,,,1586146615856
152,963008,欧洲,Europe,瑞士,Switzerland,瑞士,Switzerland,瑞士,13052,21065,0,7298,715,,,1586147965153
153,0,北美洲,North America,瓜德罗普岛,,瓜德罗普岛,,瓜德罗普岛,123,130,0,0,7,,,1586146615856
154,0,非洲,Africa,留尼旺,Reunion,留尼旺,Reunion,留尼旺,334,334,0,0,0,,,1586146615856
155,0,非洲,Africa,留尼汪,Reunion Island,留尼汪,Reunion Island,留尼汪,6,6,0,0,0,,,1584424710913
156,964001,欧洲,Europe,白俄罗斯,Belarus,白俄罗斯,Belarus,白俄罗斯,442,502,0,52,8,,,1586146615856
157,0,北美洲,North America,百慕大,,百慕大,,百慕大,35,35,0,0,0,,,1586146615856
158,0,欧洲,Europe,直布罗陀,Gibraltar,直布罗陀,Gibraltar,直布罗陀,97,98,0,0,1,,,1586146615856
159,0,南美洲,South America,福克兰群岛,,福克兰群岛,,福克兰群岛,1,1,0,0,0,,,1586146615856
160,955011,亚洲,Asia,科威特,Kuwait,科威特,Kuwait,科威特,451,556,0,99,6,,,1586146615856
161,982004,非洲,Africa,科特迪瓦,Ivory Coast,科特迪瓦,Ivory Coast,科特迪瓦,221,261,0,37,3,,,1586146615856
162,0,欧洲,Europe,科索沃,,科索沃,,科索沃,30,31,0,0,1,,,1585040981468
163,973008,南美洲,South America,秘鲁,Peru,秘鲁,Peru,秘鲁,1284,2281,0,914,83,,,1586146615856
164,981006,非洲,Africa,突尼斯,Tunisia,突尼斯,Tunisia,突尼斯,552,574,0,0,22,,,1586146615856
165,964004,欧洲,Europe,立陶宛,Lithuania,立陶宛,Lithuania,立陶宛,798,811,0,1,12,,,1586146615856
166,985008,非洲,Africa,索马里,Somali,索马里,Somali,索马里,6,7,0,1,0,,,1586146615856
167,955010,亚洲,Asia,约旦,Jordan,约旦,Jordan,约旦,230,345,0,110,5,,,1586146615856
168,984009,非洲,Africa,纳米比亚,Namibia,纳米比亚,Namibia,纳米比亚,13,16,0,3,0,,,1586146615856
169,952001,亚洲,Asia,缅甸,Burma,缅甸,Burma,缅甸,19,21,0,1,1,,,1586146615856
170,965011,欧洲,Europe,罗马尼亚,Romania,罗马尼亚,Romania,罗马尼亚,3339,3864,0,374,151,,,1586146615856
171,971002,北美洲,North America,美国,United States of America,美国,United States of America,美国,310447,337620,0,17530,9643,,,1586147537323
172,0,北美洲,North America,美属维尔京群岛,,美属维尔京群岛,,美属维尔京群岛,40,40,0,0,0,,,1586146615856
173,952006,亚洲,Asia,老挝,Laos,老挝,Laos,老挝,10,10,0,0,0,,,1586085510377
174,985005,非洲,Africa,肯尼亚,Kenya,肯尼亚,Kenya,肯尼亚,134,142,0,4,4,,,1586146615856
175,0,其他,Others,至尊公主邮轮,Grand Princess,至尊公主邮轮,Grand Princess,至尊公主邮轮,21,21,0,0,0,,,1583727001577
176,962002,欧洲,Europe,芬兰,Finland,芬兰,Finland,芬兰,1889,1927,0,10,28,,,1586146615856
177,981005,非洲,Africa,苏丹,Sudan,苏丹,Sudan,苏丹,8,12,0,2,2,,,1586146615856
178,973010,南美洲,South America,苏里南,Suriname,苏里南,Suriname,苏里南,9,10,0,0,1,,,1586146615856
179,961007,欧洲,Europe,英国,United Kingdom,英国,United Kingdom,英国,41757,47806,0,135,5914,,,1586148331253
180,0,欧洲,Europe,英国（含北爱尔兰）,United Kingdom,英国（含北爱尔兰）,United Kingdom,英国（含北爱尔兰）,12,20,0,8,0,,,1582952928516
181,0,北美洲,North America,英属维尔京群岛,,英属维尔京群岛,,英属维尔京群岛,3,3,0,0,0,,,1586085510377
182,961006,欧洲,Europe,荷兰,Netherlands,荷兰,Netherlands,荷兰,13131,17851,0,2954,1766,,,1586146615856
183,0,南美洲,South America,荷兰加勒比地区,,荷兰加勒比地区,,荷兰加勒比地区,2,2,0,0,0,,,1586146615856
184,0,北美洲,North America,荷属圣马丁,,荷属圣马丁,,荷属圣马丁,21,23,0,0,2,,,1586146615856
185,984008,非洲,Africa,莫桑比克,Mozambique,莫桑比克,Mozambique,莫桑比克,10,10,0,0,0,,,1586085510377
186,952008,亚洲,Asia,菲律宾,Philippines,菲律宾,Philippines,菲律宾,3030,3246,0,64,152,,,1586146615856
187,972003,北美洲,North America,萨尔瓦多,El Salvador,萨尔瓦多,El Salvador,萨尔瓦多,53,56,0,0,3,,,1586146615856
188,965010,欧洲,Europe,葡萄牙,Portugal,葡萄牙,Portugal,葡萄牙,10937,11278,0,75,266,,,1586146615856
189,0,亚洲,Asia,蒙古,Mongolia,蒙古,Mongolia,蒙古,13,15,0,2,0,,,1586146615856
190,0,北美洲,North America,蒙特塞拉特,,蒙特塞拉特,,蒙特塞拉特,6,6,0,0,0,,,1586146615856
191,965015,欧洲,Europe,西班牙,Spain,西班牙,Spain,西班牙,80261,130759,0,38080,12418,,,1586146615856
192,982001,非洲,Africa,贝宁,Benin,贝宁,Benin,贝宁,17,22,0,5,0,,,1586146615856
193,0,非洲,Africa,赞比亚共和国,,赞比亚共和国,,赞比亚共和国,35,39,0,3,1,,,1586146615856
194,0,非洲,Africa,赤道几内亚,The Republic of Equatorial Guinea,赤道几内亚,The Republic of Equatorial Guinea,赤道几内亚,15,16,0,1,0,,,1586139686115
195,952011,亚洲,Asia,越南,Vietnam,越南,Vietnam,越南,150,241,0,91,0,,,1586146615856
196,0,其他,Others,钻石公主号邮轮,Diamond Princess Cruise Ship,钻石公主号邮轮,Diamond Princess Cruise Ship,钻石公主号邮轮,127,712,0,574,11,,,1586146615856
197,955003,亚洲,Asia,阿塞拜疆,Azerbaijan,阿塞拜疆,Azerbaijan,阿塞拜疆,547,584,0,32,5,,,1586146615856
198,955001,亚洲,Asia,阿富汗,Afghanistan,阿富汗,Afghanistan,阿富汗,330,337,0,0,7,,,1586146615856
199,981001,非洲,Africa,阿尔及利亚,Algeria,阿尔及利亚,Algeria,阿尔及利亚,1059,1251,0,62,130,,,1586148331253
200,965001,欧洲,Europe,阿尔巴尼亚,Albania,阿尔巴尼亚,Albania,阿尔巴尼亚,333,361,0,10,18,,,1586146615856
201,955013,亚洲,Asia,阿曼,Oman,阿曼,Oman,阿曼,235,298,0,61,2,,,1586146615856
202,973001,南美洲,South America,阿根廷,Argentina,阿根廷,Argentina,阿根廷,1268,1554,0,240,46,,,1586146615856
203,955019,亚洲,Asia,阿联酋,United Arab Emirates,阿联酋,United Arab Emirates,阿联酋,1644,1798,0,144,10,,,1586146615856
204,0,北美洲,North America,阿鲁巴,,阿鲁巴,,阿鲁巴,64,64,0,0,0,,,1586146615856
205,951004,亚洲,Asia,韩国,Korea,韩国,Korea,韩国,3500,10284,0,6598,186,,,1586146615856
206,953004,亚洲,Asia,马尔代夫,Maldives,马尔代夫,Maldives,马尔代夫,6,19,0,13,0,,,1586139686115
207,0,欧洲,Europe,马恩岛,Isle of Man,马恩岛,Isle of Man,马恩岛,125,126,0,0,1,,,1586146615856
208,984006,非洲,Africa,马拉维,Malawi,马拉维,Malawi,马拉维,4,4,0,0,0,,,1586146615856
209,0,北美洲,North America,马提尼克,Martinique,马提尼克,Martinique,马提尼克,142,145,0,0,3,,,1586146615856
210,952007,亚洲,Asia,马来西亚,Malaysia,马来西亚,Malaysia,马来西亚,2596,3662,0,1005,61,,,1586146615856
211,0,非洲,Africa,马约特,,马约特,,马约特,145,147,0,0,2,,,1586146615856
212,965019,欧洲,Europe,马耳他,Malta,马耳他,Malta,马耳他,227,227,0,0,0,,,1586146615856
213,984005,非洲,Africa,马达加斯加,Madagascar,马达加斯加,Madagascar,马达加斯加,70,72,0,2,0,,,1586146615856
214,982010,非洲,Africa,马里,Mali,马里,Mali,马里,39,45,0,1,5,,,1586146615856
215,955012,亚洲,Asia,黎巴嫩,Lebanon,黎巴嫩,Lebanon,黎巴嫩,455,527,0,54,18,,,1586146615856
216,965018,欧洲,Europe,黑山,,黑山,,黑山,212,214,0,0,2,,,1586146615856
